Index,nodeId,rowType,speaker,text,voice,actors,bgm,sfx,cg,transition,advancePolicy,nextNodeId,choiceLabel,choiceGoto,choiceSet,flagsSet,flagsReq,timeLoopKnowledge
ChapterZero,0,Node,나레이션,최종보스의 침실에는 긴 밤을 버틴 빛이 잔잔히 깔려 있었다.,,OldMan@C(in=fade),SleeplessDrone,,Black,FadeIn,WaitInput,1,,,,,,
ChapterZero,1,Node,나레이션,전자시계 숫자는 03:17을 가리켰고 초 단위로 미세하게 흔들렸다.,,OldMan@C,SleeplessDrone,SFX_Watch,test1,Cut,WaitInput,2,,,,,,
ChapterZero,2,Node,최종보스,또다시 잠이 달아나버렸군.,,OldMan@C,SleeplessDrone,,,Cut,WaitInput,3,,,,,,
ChapterZero,3,Node,나레이션,그는 베개를 들어 뒤집어 보지만 차가운 감촉은 집중을 돕지 못했다.,,OldMan@C,SleeplessDrone,,,Cut,WaitInput,4,,,,,,
ChapterZero,4,Node,나레이션,천장에 비친 반사광이 세 개의 레이어로 겹치며 그의 시야를 찔렀다.,,OldMan@C,SleeplessDrone,,,Cut,WaitInput,5,,,,,,
ChapterZero,5,Node,나레이션,건조해진 눈꺼풀을 세게 감았다가 열자 빨갛게 핏줄이 드러났다.,,OldMan@C,SleeplessDrone,,,Cut,WaitInput,6,,,,,,
ChapterZero,6,Node,나레이션,머릿속 계산기는 멈추지 않은 채 확률의 숫자를 계속 뛰웠다.,,OldMan@C,SleeplessDrone,,,Cut,WaitInput,7,,,,,,
ChapterZero,7,Node,나레이션,그는 심호흡을 해보려 했지만 폐 속 공기는 가느다랗게 흔들렸다.,,OldMan@C,SleeplessDrone,SFX_Breath,,Cut,WaitInput,8,,,,,,
ChapterZero,8,Node,나레이션,창문 너머로는 부산항 화물선의 불빛이 먼 별처럼 깜박였다.,,OldMan@C,SleeplessDrone,,,Cut,WaitInput,9,,,,,,
ChapterZero,9,Node,나레이션,침대 옆 테이블에는 수면제 병이 여럿 늘어서 있었지만 모두 비어 있었다.,,OldMan@C,SleeplessDrone,,,Cut,WaitInput,10,,,,,,
ChapterZero,10,Node,나레이션,그는 손가락으로 이마를 쓸어내리며 생각의 폭주를 붙잡으려 했다.,,OldMan@C,SleeplessDrone,,,Cut,WaitInput,11,,,,,,
ChapterZero,11,Node,나레이션,한숨이 길게 빠져나왔다.,,OldMan@C,SleeplessDrone,SFX_Breath,,Cut,WaitInput,12,,,,,,
ChapterZero,12,Node,나레이션,불면증이 고통스럽다기보다 자신을 무능력자로 되돌릴까 두려웠다.,,OldMan@C,SleeplessDrone,SFX_Rewind,,TimeRewind,WaitInput,13,,,,,,
ChapterZero,13,Node,나레이션,그는 한때 능력이 없는 인간으로 살아온 긴 세월을 떠올렸다.,,OldMan@C,SleeplessDrone,,,Cut,WaitInput,14,,,,,,
ChapterZero,14,Node,나레이션,그 시절에는 잠이 잘 왔다.,,OldMan@C,SleeplessDrone,,,Cut,WaitInput,15,,,,,,
ChapterZero,15,Node,나레이션,능력이 생긴 지금은 세상이 너무 밝고 또렷했다.,,OldMan@C,SleeplessDrone,,,Cut,WaitInput,16,,,,,,
ChapterZero,16,Node,나레이션,두통이 습격하자 그는 관자놀이를 눌러 통증을 분산시켰다.,,OldMan@C,SleeplessDrone,,,Cut,WaitInput,17,,,,,,
ChapterZero,17,Node,나레이션,그의 연산력이 과열되어 방 안 공기도 뜨거워진 듯했다.,,OldMan@C,SleeplessDrone,,,Cut,WaitInput,18,,,,,,
ChapterZero,18,Node,나레이션,벽걸이 시계 초침 소리가 귓속에서 증폭되었다.,,OldMan@C,SleeplessDrone,SFX_Watch,,Cut,WaitInput,19,,,,,,
ChapterZero,19,Node,나레이션,침대 시트가 구겨진 자국은 지난밤의 몸부림을 기록하고 있었다.,,OldMan@C,SleeplessDrone,,,Cut,WaitInput,20,,,,,,
ChapterZero,20,Node,나레이션,그는 자기 자신과 대화를 시작했다.,,OldMan@C,SleeplessDrone,,,Cut,WaitInput,21,,,,,,
ChapterZero,21,Node,최종보스,첫 테러를 준비했을 때도 이 정도는 아니었는데.,,OldMan@C,SleeplessDrone,,,Cut,WaitInput,22,,,,,,
ChapterZero,22,Node,나레이션,그는 책상 위 무선 이어폰을 쥐고 일어나 거실로 향했다.,,OldMan@C,SleeplessDrone,,,Cut,WaitInput,23,,,,,,
ChapterZero,23,Node,나레이션,거실 큰 창문 앞에는 부산 도시 야경이 펼쳐져 있었다.,,OldMan@C,SleeplessDrone,,,Cut,WaitInput,24,,,,,,
ChapterZero,24,Node,나레이션,아래 도로를 달리는 차량의 헤드라이트가 줄무늬처럼 흐렀다.,,OldMan@C,SleeplessDrone,,,Cut,WaitInput,25,,,,,,
ChapterZero,25,Node,나레이션,그는 이 도시가 곧 겪게 될 변화를 머릿속으로 시뮬레이션했다.,,OldMan@C,SleeplessDrone,,,Cut,WaitInput,26,,,,,,
ChapterZero,26,Node,나레이션,그의 뇌파는 기계처럼 일정한 리듬을 유지했다.,,OldMan@C,SleeplessDrone,,,Cut,WaitInput,27,,,,,,
ChapterZero,27,Node,나레이션,그는 자신이 구축한 데이터베이스를 떠올리며 테러 계획을 검토했다.,,OldMan@C,SleeplessDrone,,,Cut,WaitInput,28,,,,,,
ChapterZero,28,Node,나레이션,모든 변수는 그의 손 안에 있었다.,,OldMan@C,SleeplessDrone,,,Cut,WaitInput,29,,,,,,
ChapterZero,29,Node,나레이션,문제는 실행이다.,,OldMan@C,SleeplessDrone,,,Cut,WaitInput,30,,,,,,
ChapterZero,30,Node,나레이션,불면증이 심해질수록 오차 가능성도 커졌다.,,OldMan@C,SleeplessDrone,,,Cut,WaitInput,31,,,,,,
ChapterZero,31,Node,나레이션,그는 이 순간조차도 데이터로 환산하려 했다.,,OldMan@C,SleeplessDrone,,,Cut,WaitInput,32,,,,,,
ChapterZero,32,Node,나레이션,그러나 피곤함은 숫자로 환산되지 않았다.,,OldMan@C,SleeplessDrone,,,Cut,WaitInput,33,,,,,,
ChapterZero,33,Node,나레이션,그는 자신의 능력이 강화되고 있음을 어렴풋이 감지하고 있었다.,,OldMan@C,SleeplessDrone,,,Cut,WaitInput,34,,,,,,
ChapterZero,34,Node,나레이션,그 에너지는 정확히 어디에서 오는 것일까.,,OldMan@C,SleeplessDrone,,,Cut,WaitInput,35,,,,,,
ChapterZero,35,Node,나레이션,그 질문이 머릿속을 떠나지 않았다.,,OldMan@C,SleeplessDrone,,,Cut,WaitInput,36,,,,,,
ChapterZero,36,Node,나레이션,그는 서재로 들어가 데이터 서버를 확인했다.,,OldMan@C,SleeplessDrone,,,Cut,WaitInput,37,,,,,,
ChapterZero,37,Node,나레이션,벽면을 가득 채운 스크린에 테러 조직의 자금 흐름이 표시되었다.,,OldMan@C,SleeplessDrone,,,Cut,WaitInput,38,,,,,,
ChapterZero,38,Node,나레이션,새벽이지만 그의 부하들은 암호화 메시지를 통해 보고를 보내왔다.,,OldMan@C,SleeplessDrone,,,Cut,WaitInput,39,,,,,,
ChapterZero,39,Node,나레이션,그는 단 한 번의 입력으로 모든 메시지를 분류했다.,,OldMan@C,SleeplessDrone,,,Cut,WaitInput,40,,,,,,
ChapterZero,40,Node,나레이션,확률 계산의 결과는 여전히 성공을 가리키고 있었다.,,OldMan@C,SleeplessDrone,,,Cut,WaitInput,41,,,,,,
ChapterZero,41,Node,나레이션,그는 굳은 결의로 테러 시퀀스를 손질했다.,,OldMan@C,SleeplessDrone,,,Cut,WaitInput,42,,,,,,
ChapterZero,42,Node,나레이션,"그는 다른 자신, 즉 사장으로서의 페르소나를 떠올렸다.",,OldMan@C,SleeplessDrone,,,Cut,WaitInput,43,,,,,,
ChapterZero,43,Node,나레이션,기업가의 얼굴 뒤에 테러리스트의 의도가 숨어 있었다.,,OldMan@C,SleeplessDrone,,,Cut,WaitInput,44,,,,,,
ChapterZero,44,Node,나레이션,그는 다중의 삶을 유지하는 피로를 씁쓸하게 인정했다.,,OldMan@C,SleeplessDrone,,,Cut,WaitInput,45,,,,,,
ChapterZero,45,Node,나레이션,그러나 목적을 위해서라면 감내할 수 있었다.,,OldMan@C,SleeplessDrone,,,Cut,WaitInput,46,,,,,,
ChapterZero,46,Node,나레이션,새벽 뉴스에선 능력자 규제법 개정안이 논의 중이라고 했다.,,OldMan@C,SleeplessDrone,,,Cut,WaitInput,47,,,,,,
ChapterZero,47,Node,나레이션,그는 사회가 만들어낸 위선을 조롱하듯 미소 지었다.,,OldMan@C,SleeplessDrone,,,Cut,WaitInput,48,,,,,,
ChapterZero,48,Node,나레이션,그는 소파에 앉아 노트북을 켜고 보고서를 정리했다.,,OldMan@C,SleeplessDrone,,,Cut,WaitInput,49,,,,,,
ChapterZero,49,Node,나레이션,새로운 잠재적 협력자를 추가 분석 목록에 올렸다.,,OldMan@C,SleeplessDrone,,,Cut,WaitInput,50,,,,,,
ChapterZero,50,Node,나레이션,그는 루프에 의해 생성되는 에너지 보고서를 읽었다.,,OldMan@C,SleeplessDrone,,,TimeRewind,WaitInput,51,,,,,,
ChapterZero,51,Node,나레이션,거기에는 주시환이라는 이름이 여러 번 등장했다.,,OldMan@C,SleeplessDrone,,,Cut,WaitInput,52,,,,,,
ChapterZero,52,Node,나레이션,그는 이름을 볼 때마다 왼손의 불면이 더욱 심해졌다.,,OldMan@C,SleeplessDrone,,,Cut,WaitInput,53,,,,,,
ChapterZero,53,Node,나레이션,그는 또 다른 커피를 끓였다.,,OldMan@C,SleeplessDrone,,,Cut,WaitInput,54,,,,,,
ChapterZero,54,Node,나레이션,쓴맛이 목을 타고 내려가자 조금이나마 정신이 맑아졌다.,,OldMan@C,SleeplessDrone,,,Cut,WaitInput,55,,,,,,
ChapterZero,55,Node,나레이션,창밖 하늘은 서서히 푸른빛을 띠기 시작했다.,,OldMan@C,SleeplessDrone,,,Cut,WaitInput,56,,,,,,
ChapterZero,56,Node,나레이션,그는 자신이 통제할 수 없는 변수에 화가 났다.,,OldMan@C,SleeplessDrone,,,Cut,WaitInput,57,,,,,,
ChapterZero,57,Node,나레이션,그 변수의 정체가 타임루프라는 사실이 불쾌했다.,,OldMan@C,SleeplessDrone,,,TimeRewind,WaitInput,58,,,,,,
ChapterZero,58,Node,나레이션,그는 그러나 그 에너지를 빼앗을 방법을 찾고 있었다.,,OldMan@C,SleeplessDrone,,,Cut,WaitInput,59,,,,,,
ChapterZero,59,Node,나레이션,그는 테이블 위의 홀로그램 지도를 펼쳤다.,,OldMan@C,SleeplessDrone,,,Cut,WaitInput,60,,,,,,
ChapterZero,60,Node,나레이션,부산 곳곳에 표시된 마커는 조직이 장악한 지점을 의미했다.,,OldMan@C,SleeplessDrone,,,Cut,WaitInput,61,,,,,,
ChapterZero,61,Node,나레이션,그는 오늘 저녁 회의에서 사용할 연설을 머릿속으로 연습했다.,,OldMan@C,SleeplessDrone,,,Cut,WaitInput,62,,,,,,
ChapterZero,62,Node,나레이션,그의 목소리는 낮고 단호했다.,,OldMan@C,SleeplessDrone,,,Cut,WaitInput,63,,,,,,
ChapterZero,63,Node,나레이션,그는 부하들에게 두려움을 심어주려 했다.,,OldMan@C,SleeplessDrone,,,Cut,WaitInput,64,,,,,,
ChapterZero,64,Node,나레이션,그는 컴퓨터 앞에서 데이터를 더 입력하며 심박수를 안정시켰다.,,OldMan@C,SleeplessDrone,,,Cut,WaitInput,65,,,,,,
ChapterZero,65,Node,나레이션,시간은 새벽 다섯 시를 넘어가고 있었다.,,OldMan@C,SleeplessDrone,,,Cut,WaitInput,66,,,,,,
ChapterZero,66,Node,나레이션,그는 아직도 잠들지 못했다.,,OldMan@C,SleeplessDrone,,,Cut,WaitInput,67,,,,,,
ChapterZero,67,Node,나레이션,그는 자신의 페널티가 점점 더 가혹해지고 있다는 사실을 인정했다.,,OldMan@C,SleeplessDrone,,,Cut,WaitInput,68,,,,,,
ChapterZero,68,Node,나레이션,그러나 그는 포기하지 않았다.,,OldMan@C,SleeplessDrone,,,Cut,WaitInput,69,,,,,,
ChapterZero,69,Node,나레이션,그는 오늘 밤이 전환점이 될 것이라고 믿었다.,,OldMan@C,SleeplessDrone,,,Cut,WaitInput,70,,,,,,
ChapterZero,70,Node,나레이션,그는 계획을 떠올리며 만족스러운 미소를 지었다.,,OldMan@C,SleeplessDrone,,,Cut,WaitInput,71,,,,,,
ChapterZero,71,Node,나레이션,그는 자신이 직접 나서서 결과를 확인해야 한다고 생각했다.,,OldMan@C,SleeplessDrone,,,Cut,WaitInput,72,,,,,,
ChapterZero,72,Node,나레이션,그는 손목의 맥박을 체크하며 차분히 호흡을 맞췄다.,,OldMan@C,SleeplessDrone,,,Cut,WaitInput,73,,,,,,
ChapterZero,73,Node,나레이션,불면증으로 텅 빈 새벽은 그의 결의를 더욱 단단하게 했다.,,OldMan@C,SleeplessDrone,,,Cut,WaitInput,74,,,,,,
ChapterZero,74,Node,나레이션,그는 이제 행동할 때라고 느꼈다.,,OldMan@C,SleeplessDrone,,,Cut,WaitInput,75,,,,,,
ChapterZero,75,Node,나레이션,그는 테러 계획 파일을 암호화해 부하에게 전송했다.,,OldMan@C,SleeplessDrone,,,Cut,WaitInput,76,,,,,,
ChapterZero,76,Node,나레이션,전송 완료 표시와 동시에 그의 뇌에 미세한 전류가 흘렀다.,,OldMan@C,SleeplessDrone,,,Cut,WaitInput,77,,,,,,
ChapterZero,77,Node,나레이션,능력이 갑자기 상승하는 느낌이 찾아왔다.,,OldMan@C,SleeplessDrone,,,Cut,WaitInput,78,,,,,,
ChapterZero,78,Node,나레이션,그는 놀라 손을 멈췄다.,,OldMan@C,SleeplessDrone,,,Cut,WaitInput,79,,,,,,
ChapterZero,79,Node,최종보스,이건… 뭔가 다르다.,,OldMan@C,SleeplessDrone,,,Cut,WaitInput,80,,,,,,
ChapterZero,80,Node,나레이션,뇌 속 계산이 폭발적으로 증가하며 시야가 밝게 번쩍였다.,,OldMan@C,SleeplessDrone,,,Cut,WaitInput,81,,,,,,
ChapterZero,81,Node,나레이션,그는 마치 누군가 자신에게 에너지를 주입하는 것처럼 느꼈다.,,OldMan@C,SleeplessDrone,,,Cut,WaitInput,82,,,,,,
ChapterZero,82,Node,나레이션,십대 이후 처음 느껴보는 감각이었다.,,OldMan@C,SleeplessDrone,,,Cut,WaitInput,83,,,,,,
ChapterZero,83,Node,최종보스,20대 이후 처음이군… 이 정도의 힘은.,,OldMan@C,SleeplessDrone,,,Cut,WaitInput,84,,,,,,
ChapterZero,84,Node,나레이션,그는 갑작스러운 각성에 잠시 몸을 떨었다.,,OldMan@C,SleeplessDrone,,,Cut,WaitInput,85,,,,,,
ChapterZero,85,Node,나레이션,그는 자신의 손이 떨리는 것을 보며 호흡을 가다듬었다.,,OldMan@C,SleeplessDrone,,,Cut,WaitInput,86,,,,,,
ChapterZero,86,Node,나레이션,그는 에너지의 출처를 추적하기 위해 데이터 로그를 열었다.,,OldMan@C,SleeplessDrone,,,Cut,WaitInput,87,,,,,,
ChapterZero,87,Node,나레이션,로그에는 미약한 시간 역류 흔적이 기록되어 있었다.,,OldMan@C,SleeplessDrone,,,Cut,WaitInput,88,,,,,,
ChapterZero,88,Node,나레이션,그는 즉시 그 흔적이 주시환과 관련 있음을 이해했다.,,OldMan@C,SleeplessDrone,,,Cut,WaitInput,89,,,,,,
ChapterZero,89,Node,나레이션,그는 테러 계획을 공유하면서 동시에 그 에너지를 흡수하고 있다고 확신했다.,,OldMan@C,SleeplessDrone,,,Cut,WaitInput,90,,,,,,
ChapterZero,90,Node,나레이션,그는 부하에게 추가 지시를 내렸다.,,OldMan@C,SleeplessDrone,,,Cut,WaitInput,91,,,,,,
ChapterZero,91,Node,최종보스,실행 계획을 오늘 오후로 앞당긴다.,,OldMan@C,SleeplessDrone,,,Cut,WaitInput,92,,,,,,
ChapterZero,92,Node,나레이션,부하는 짧은 확인 메시지를 보내왔다.,,OldMan@C,SleeplessDrone,,,Cut,WaitInput,93,,,,,,
ChapterZero,93,Node,나레이션,그는 자신이 통제권을 완전히 쥐었다고 느꼈다.,,OldMan@C,SleeplessDrone,,,Cut,WaitInput,94,,,,,,
ChapterZero,94,Node,나레이션,그러나 갑작스러운 힘의 증폭은 그를 불안하게 했다.,,OldMan@C,SleeplessDrone,,,Cut,WaitInput,95,,,,,,
ChapterZero,95,Node,나레이션,힘의 근원이 명확하지 않으면 위험하다는 것을 그는 알았다.,,OldMan@C,SleeplessDrone,,,Cut,WaitInput,96,,,,,,
ChapterZero,96,Node,나레이션,그는 데이터 분석 프로그램을 재실행했다.,,OldMan@C,SleeplessDrone,,,Cut,WaitInput,97,,,,,,
ChapterZero,97,Node,나레이션,그는 테러 실행 과정에서 필요한 자원을 재정비했다.,,OldMan@C,SleeplessDrone,,,Cut,WaitInput,98,,,,,,
ChapterZero,98,Node,나레이션,비밀 창고의 물자 목록을 다시 확인했다.,,OldMan@C,SleeplessDrone,,,Cut,WaitInput,99,,,,,,
ChapterZero,99,Node,나레이션,그는 사무실에서 사장으로 변신할 준비를 시작했다.,,OldMan@C,SleeplessDrone,,,Cut,WaitInput,100,,,,,,
ChapterZero,100,Node,나레이션,정장을 차려입고 머리를 매만졌다.,,OldMan@C,SleeplessDrone,,,Cut,WaitInput,101,,,,,,
ChapterZero,101,Node,나레이션,거울 속 얼굴은 완벽한 기업인의 것이었다.,,OldMan@C,SleeplessDrone,,,Cut,WaitInput,102,,,,,,
ChapterZero,102,Node,나레이션,그는 연한 미소를 지으며 사무실로 출근했다.,,OldMan@C,SleeplessDrone,,,Cut,WaitInput,103,,,,,,
ChapterZero,103,Node,나레이션,직원들은 그를 존경의 눈빛으로 맞이했다.,,OldMan@C,SleeplessDrone,,,Cut,WaitInput,104,,,,,,
ChapterZero,104,Node,나레이션,그는 낮 동안 투자 미팅을 소화하며 평범한 일상을 연기했다.,,OldMan@C,SleeplessDrone,,,Cut,WaitInput,105,,,,,,
ChapterZero,105,Node,나레이션,"그는 서류에 서명하고, 거래처와 통화를 하며 시간을 보냈다.",,OldMan@C,SleeplessDrone,,,Cut,WaitInput,106,,,,,,
ChapterZero,106,Node,나레이션,점심 시간에는 인공지능 시장 보고서를 검토했다.,,OldMan@C,SleeplessDrone,,,Cut,WaitInput,107,,,,,,
ChapterZero,107,Node,나레이션,그는 동시에 비밀 채널로 조직원들과 암호화 대화를 이어갔다.,,OldMan@C,SleeplessDrone,,,Cut,WaitInput,108,,,,,,
ChapterZero,108,Node,나레이션,업무가 끝날 무렵 그는 다시 수장의 얼굴로 돌아왔다.,,OldMan@C,SleeplessDrone,,,Cut,WaitInput,109,,,,,,
ChapterZero,109,Node,나레이션,비밀 회의실에서 핵심 간부들과 마주 앉았다.,,OldMan@C,SleeplessDrone,,,Cut,WaitInput,110,,,,,,
ChapterZero,110,Node,나레이션,그는 테러 실행 순서를 침착하게 설명했다.,,OldMan@C,SleeplessDrone,,,Cut,WaitInput,111,,,,,,
ChapterZero,111,Node,나레이션,간부들은 그의 말에 수긍하며 준비 상황을 보고했다.,,OldMan@C,SleeplessDrone,,,Cut,WaitInput,112,,,,,,
ChapterZero,112,Node,나레이션,그는 회의를 마친 후 홀로 남아 데이터를 다시 검토했다.,,OldMan@C,SleeplessDrone,,,Cut,WaitInput,113,,,,,,
ChapterZero,113,Node,나레이션,밤이 깊어지고 있었다.,,OldMan@C,SleeplessDrone,,,Cut,WaitInput,114,,,,,,
ChapterZero,114,Node,나레이션,그는 불면의 눈으로 모니터에 흐르는 숫자를 응시했다.,,OldMan@C,SleeplessDrone,,,Cut,WaitInput,115,,,,,,
ChapterZero,115,Node,나레이션,테러 당일까지 남은 시간은 이제 몇 시간뿐이었다.,,OldMan@C,SleeplessDrone,,,Cut,WaitInput,116,,,,,,
ChapterZero,116,Node,나레이션,그는 책상 서랍에서 은빛 권총을 꺼내 장전을 확인했다.,,OldMan@C,SleeplessDrone,,,Cut,WaitInput,117,,,,,,
ChapterZero,117,Node,나레이션,비상 상황에 대비한 개인용 무기였다.,,OldMan@C,SleeplessDrone,,,Cut,WaitInput,118,,,,,,
ChapterZero,118,Node,나레이션,그는 다시 한번 계획을 되짚으며 작은 실수도 용납하지 않았다.,,OldMan@C,SleeplessDrone,,,Cut,WaitInput,119,,,,,,
ChapterZero,119,Node,나레이션,그는 새벽에 재활용되는 에너지를 느끼며 스스로를 다독였다.,,OldMan@C,SleeplessDrone,,,Cut,WaitInput,120,,,,,,
ChapterZero,120,Node,나레이션,그리고 마침내 테러 당일이 도래했다.,,OldMan@C,SleeplessDrone,,,Cut,WaitInput,121,,,,,,
ChapterZero,121,Node,나레이션,그는 오늘이 끝나면 모든 것이 달라질 것이라 확신했다.,,OldMan@C,SleeplessDrone,,,Cut,WaitInput,122,,,,,,
ChapterZero,122,Node,나레이션,그는 현장 정보를 직접 확인하기 위해 움직였다.,,OldMan@C,SleeplessDrone,,,Cut,WaitInput,123,,,,,,
ChapterZero,123,Node,나레이션,이능력 검사소 주변의 감시 카메라가 모두 그의 통제하에 있었다.,,OldMan@C,SleeplessDrone,,,Cut,WaitInput,124,,,,,,
ChapterZero,124,Node,나레이션,그는 데이터 화면에 등장한 낯선 여성을 발견했다.,,OldMan@L; MovLight@R(in=fade),SleeplessDrone,,,Cut,WaitInput,125,,,,,,
ChapterZero,125,Node,나레이션,여성은 임유진이었다.,,OldMan@L; MovLight@R(in=fade),SleeplessDrone,,,Cut,WaitInput,126,,,,,,
ChapterZero,126,Node,나레이션,그는 그녀 옆에 서 있는 소년의 얼굴을 확인했다.,,OldMan@L; JuSiWhan@R(in=fade),SleeplessDrone,,,Cut,WaitInput,127,,,,,,
ChapterZero,127,Node,나레이션,소년은 당황한 표정으로 주변을 살폈다.,,OldMan@L; JuSiWhan@R,SleeplessDrone,,,Cut,WaitInput,128,,,,,,
ChapterZero,128,Node,나레이션,그는 주시환을 기억 속에 명확히 새겼다.,,OldMan@L; JuSiWhan@R,SleeplessDrone,,,Cut,WaitInput,129,,,,,,
ChapterZero,129,Node,나레이션,회상은 그 장면에서 멈췄다.,,OldMan@C,SleeplessDrone,,,Cut,WaitInput,130,,,,,,
ChapterZero,130,Node,나레이션,챕터 제로가 종료되었다.,,OldMan@C(out=fade),SleeplessDrone,,,Cut,WaitInput,,,,,,,
PrologueA,131,Node,나레이션,버스가 정류장에 멈추자 주시환이 우산을 접고 올라탔다.,,JuSiWhan@C(in=fade),MorningBus,SFX_Rain,,FadeIn,WaitInput,132,,,,,,
PrologueA,132,Node,나레이션,다음 정류장에서 승객들이 차례차례 올라타며 버스 안에 낮은 대화가 퍼졌다.,,JuSiWhan@C,MorningBus,,,Cut,WaitInput,133,,,,,,
PrologueA,133,Node,나레이션,교차로 앞에서 버스가 급히 멈추며 우산을 든 행인을 치고 말았다.,,JuSiWhan@C,MorningBus,SFX_Rain,,ScreenShake,WaitInput,134,,,,,,
PrologueA,134,Node,나레이션,이른 빗물이 신발 밑창에 엉겨 붙어 발걸음이 묵직했다.,,JuSiWhan@C,MorningBus,SFX_Rain,,Cut,WaitInput,135,,,,,,
PrologueA,135,Node,나레이션,버스 문이 닫히며 실내 공기가 습한 냄새로 가득 찼다.,,JuSiWhan@C,MorningBus,,,Cut,WaitInput,136,,,,,,
PrologueA,136,Node,나레이션,운전기사는 미세하게 창문을 열어 빗소리를 들이켰다.,,JuSiWhan@C,MorningBus,,,Cut,WaitInput,137,,,,,,
PrologueA,137,Node,나레이션,주시환은 비닐 우산을 다 접지도 못한 채 뒷좌석으로 향했다.,,JuSiWhan@C,MorningBus,SFX_Rain,,Cut,WaitInput,138,,,,,,
PrologueA,138,Node,나레이션,손목의 낡은 시계에서 빗물이 떨어졌다.,,JuSiWhan@C,MorningBus,SFX_Watch,,Cut,WaitInput,139,,,,,,
PrologueA,139,Node,나레이션,창밖 도로의 흰 선이 빗물로 번져 흐릿하게 보였다.,,JuSiWhan@C,MorningBus,SFX_Rain,,Cut,WaitInput,140,,,,,,
PrologueA,140,Node,나레이션,승객들은 저마다 스마트폰 화면을 내려다보며 시간을 보냈다.,,JuSiWhan@C,MorningBus,,,Cut,WaitInput,141,,,,,,
PrologueA,141,Node,나레이션,학생 둘이 좌석에 기대어 이어폰을 나누어 꽂았다.,,JuSiWhan@C,MorningBus,,,Cut,WaitInput,142,,,,,,
PrologueA,142,Node,나레이션,시내 어귀에는 아침 시장이 열려 있고 상인들이 천막을 여는 중이었다.,,JuSiWhan@C,MorningBus,,,Cut,WaitInput,143,,,,,,
PrologueA,143,Node,나레이션,버스 천장 조명이 물방울에 반사되어 반짝였다.,,JuSiWhan@C,MorningBus,,,Cut,WaitInput,144,,,,,,
PrologueA,144,Node,나레이션,운전석 옆 작은 라디오에서는 교통 정보가 흘러나왔다.,,JuSiWhan@C,MorningBus,,,Cut,WaitInput,145,,,,,,
PrologueA,145,Node,라디오,부산 전역에 약한 비가 예보되어 있습니다. 출근길 안전 운전하십시오.,,JuSiWhan@C,MorningBus,SFX_Rain,,Cut,WaitInput,146,,,,,,
PrologueA,146,Node,나레이션,주시환은 헤드폰 없이 라디오 소리에 귀를 기울였다.,,JuSiWhan@C,MorningBus,,,Cut,WaitInput,147,,,,,,
PrologueA,147,Node,나레이션,그는 오늘 검사소 예약 시간이 9시라는 것을 다시 확인했다.,,JuSiWhan@C,MorningBus,,,Cut,WaitInput,148,,,,,,
PrologueA,148,Node,나레이션,휴대폰 화면에 친구1이 보낸 메시지가 떠 있었다.,,JuSiWhan@C,MorningBus,,,Cut,WaitInput,149,,,,,,
PrologueA,149,Node,친구1,[채팅] 오전 8시 40분까지 검사소 앞! 늦지마!,,JuSiWhan@L; MovLight@R(in=pop),MorningBus,,,Cut,WaitInput,150,,,,,,
PrologueA,150,Node,나레이션,친구2는 이모티콘으로 커다란 빵을 보내왔다.,,JuSiWhan@C,MorningBus,,,Cut,WaitInput,151,,,,,,
PrologueA,151,Node,친구2,[채팅] 검사 전에 빵 먹어도 되겠지?,,JuSiWhan@L; MovLin@R(in=pop),MorningBus,,,Cut,WaitInput,152,,,,,,
PrologueA,152,Node,나레이션,주시환은 답장을 쓰지 않고 휴대폰을 주머니에 넣었다.,,JuSiWhan@C,MorningBus,,,Cut,WaitInput,153,,,,,,
PrologueA,153,Node,나레이션,버스가 다음 정류장에 멈추며 창가에 빗줄기가 더 굵게 내려앉았다.,,JuSiWhan@C,MorningBus,,,Cut,WaitInput,154,,,,,,
PrologueA,154,Node,나레이션,노인 한 명이 천천히 오르자 운전기사가 자리 안내를 도왔다.,,JuSiWhan@C,MorningBus,,,Cut,WaitInput,155,,,,,,
PrologueA,155,Node,나레이션,비닐 장갑을 낀 아주머니가 손에 들고 있던 채소봉투를 의자 밑에 내려놓았다.,,JuSiWhan@C,MorningBus,,,Cut,WaitInput,156,,,,,,
PrologueA,156,Node,나레이션,창문가에 앉은 아이는 김이 서린 유리를 손바닥으로 닦았다.,,JuSiWhan@C,MorningBus,,,Cut,WaitInput,157,,,,,,
PrologueA,157,Node,나레이션,주시환은 무심하게 숨을 내쉬며 창밖 건물을 숫자처럼 세었다.,,JuSiWhan@C,MorningBus,,,Cut,WaitInput,158,,,,,,
PrologueA,158,Node,나레이션,거리에는 새벽 운동복을 입은 사람들이 여전히 뛰고 있었다.,,JuSiWhan@C,MorningBus,,,Cut,WaitInput,159,,,,,,
PrologueA,159,Node,나레이션,교복 입은 학생들이 비를 피해 전봇대 아래에 모여 있었다.,,JuSiWhan@C,MorningBus,,,Cut,WaitInput,160,,,,,,
PrologueA,160,Node,나레이션,버스 천장 스피커에서 작은 진동이 느껴졌다.,,JuSiWhan@C,MorningBus,,,Cut,WaitInput,161,,,,,,
PrologueA,161,Node,나레이션,차량이 언덕을 오르자 엔진 소리가 조금 더 커졌다.,,JuSiWhan@C,MorningBus,,,Cut,WaitInput,162,,,,,,
PrologueA,162,Node,나레이션,주시환은 시곗줄을 살짝 조이고 손을 무릎 위에 포개었다.,,JuSiWhan@C,MorningBus,,,Cut,WaitInput,163,,,,,,
PrologueA,163,Node,나레이션,그의 눈은 졸린 듯 절반만 떠 있었다.,,JuSiWhan@C,MorningBus,,,Cut,WaitInput,164,,,,,,
PrologueA,164,Node,나레이션,그는 지난밤 거의 잠을 자지 못했음을 스스로 인지했다.,,JuSiWhan@C,MorningBus,,,Cut,WaitInput,165,,,,,,
PrologueA,165,Node,나레이션,그러나 피곤함보다 귀찮음이 더 컸다.,,JuSiWhan@C,MorningBus,,,Cut,WaitInput,166,,,,,,
PrologueA,166,Node,나레이션,오늘도 검사소에 가서 별다를 것 없는 검사를 받을 뿐이라고 생각했다.,,JuSiWhan@C,MorningBus,,,Cut,WaitInput,167,,,,,,
PrologueA,167,Node,나레이션,버스는 신호등 앞에서 잠시 멈춰 섰다.,,JuSiWhan@C,MorningBus,,,Cut,WaitInput,168,,,,,,
PrologueA,168,Node,나레이션,빗방울이 버스 외벽에 춤을 추듯 흘렀다.,,JuSiWhan@C,MorningBus,,,Cut,WaitInput,169,,,,,,
PrologueA,169,Node,나레이션,그는 차창에 비친 자신의 흐릿한 얼굴을 바라보았다.,,JuSiWhan@C,MorningBus,,,Cut,WaitInput,170,,,,,,
PrologueA,170,Node,나레이션,볼빛은 창백하고 머리칼은 정리되지 않았다.,,JuSiWhan@C,MorningBus,,,Cut,WaitInput,171,,,,,,
PrologueA,171,Node,나레이션,버스 안 공기는 따뜻했으나 마음은 냉랭했다.,,JuSiWhan@C,MorningBus,,,Cut,WaitInput,172,,,,,,
PrologueA,172,Node,나레이션,다음 정류장에서 또 다른 승객들이 탑승했다.,,JuSiWhan@C,MorningBus,,,Cut,WaitInput,173,,,,,,
PrologueA,173,Node,나레이션,허리가 굽은 남자가 천천히 계단을 올랐다.,,JuSiWhan@C,MorningBus,,,Cut,WaitInput,174,,,,,,
PrologueA,174,Node,나레이션,젊은 직장인은 젖은 수트를 털어내며 좌석에 앉았다.,,JuSiWhan@C,MorningBus,,,Cut,WaitInput,175,,,,,,
PrologueA,175,Node,나레이션,운전기사는 출발 버튼을 누르며 작은 하품을 삼켰다.,,JuSiWhan@C,MorningBus,,,Cut,WaitInput,176,,,,,,
PrologueA,176,Node,나레이션,빗소리가 점점 굵어져 창문을 두드렸다.,,JuSiWhan@C,MorningBus,,,Cut,WaitInput,177,,,,,,
PrologueA,177,Node,나레이션,버스 내부 안내 화면에는 광고가 바뀌었다.,,JuSiWhan@C,MorningBus,,,Cut,WaitInput,178,,,,,,
PrologueA,178,Node,나레이션,이능력 검사소 준비물 체크리스트가 한 줄씩 지나갔다.,,JuSiWhan@C,MorningBus,,,Cut,WaitInput,179,,,,,,
PrologueA,179,Node,나레이션,학생들은 아까 채팅에 올라온 농담을 작은 목소리로 웃었다.,,JuSiWhan@C,MorningBus,,,Cut,WaitInput,180,,,,,,
PrologueA,180,Node,나레이션,주시환은 귀를 기울이지 않았다.,,JuSiWhan@C,MorningBus,,,Cut,WaitInput,181,,,,,,
PrologueA,181,Node,나레이션,그는 시계를 보고 남은 시간을 계산했다.,,JuSiWhan@C,MorningBus,SFX_Watch,,Cut,WaitInput,182,,,,,,
PrologueA,182,Node,나레이션,교차로까지 12분이면 충분히 도착한다고 생각했다.,,JuSiWhan@C,MorningBus,,,Cut,WaitInput,183,,,,,,
PrologueA,183,Node,나레이션,버스는 도로를 따라 부드럽게 움직였다.,,JuSiWhan@C,MorningBus,,,Cut,WaitInput,184,,,,,,
PrologueA,184,Node,나레이션,카페 간판들이 물기를 머금고 빛났다.,,JuSiWhan@C,MorningBus,,,Cut,WaitInput,185,,,,,,
PrologueA,185,Node,나레이션,가로수 잎 사이에서 물방울이 떨어졌다.,,JuSiWhan@C,MorningBus,,,Cut,WaitInput,186,,,,,,
PrologueA,186,Node,나레이션,자전거를 타던 배달원이 레인코트를 고쳐 입으며 버스를 앞질렀다.,,JuSiWhan@C,MorningBus,,,Cut,WaitInput,187,,,,,,
PrologueA,187,Node,나레이션,도로 옆 전광판에는 오늘의 주식 시세가 흐르고 있었다.,,JuSiWhan@C,MorningBus,,,Cut,WaitInput,188,,,,,,
PrologueA,188,Node,나레이션,주시환은 무심한 표정으로 전광판 숫자를 따라 읽었다.,,JuSiWhan@C,MorningBus,,,Cut,WaitInput,189,,,,,,
PrologueA,189,Node,나레이션,그는 숫자들이 전부 의미 없는 잡음처럼 느껴졌다.,,JuSiWhan@C,MorningBus,,,Cut,WaitInput,190,,,,,,
PrologueA,190,Node,나레이션,버스 바닥이 가끔 울컥거리며 물웅덩이를 지날 때마다 흔들렸다.,,JuSiWhan@C,MorningBus,,,Cut,WaitInput,191,,,,,,
PrologueA,191,Node,나레이션,학생 한 명이 졸다가 고개를 푹 떨어뜨렸다가 다시 들었다.,,JuSiWhan@C,MorningBus,,,Cut,WaitInput,192,,,,,,
PrologueA,192,Node,나레이션,어린아이의 손에 들린 만화책이 비닐 커버 안에서 반짝였다.,,JuSiWhan@C,MorningBus,,,Cut,WaitInput,193,,,,,,
PrologueA,193,Node,나레이션,버스 내부 난방이 작동하며 창문이 다시 흐려졌다.,,JuSiWhan@C,MorningBus,,,Cut,WaitInput,194,,,,,,
PrologueA,194,Node,나레이션,버스는 길가의 푸드트럭을 지나쳤다.,,JuSiWhan@C,MorningBus,,,Cut,WaitInput,195,,,,,,
PrologueA,195,Node,나레이션,푸드트럭 주인은 플라스틱 차양을 닦고 있었다.,,JuSiWhan@C,MorningBus,SFX_Watch,,Cut,WaitInput,196,,,,,,
PrologueA,196,Node,나레이션,라디오에서는 재즈 음악이 흘러나왔다.,,JuSiWhan@C,MorningBus,,,Cut,WaitInput,197,,,,,,
PrologueA,197,Node,라디오,비 내리는 아침에 어울리는 곡입니다.,,JuSiWhan@C,MorningBus,,,Cut,WaitInput,198,,,,,,
PrologueA,198,Node,나레이션,주시환은 눈꺼풀을 감고 음계를 따라갔다.,,JuSiWhan@C,MorningBus,,,Cut,WaitInput,199,,,,,,
PrologueA,199,Node,나레이션,그러나 그는 곧 다시 눈을 떴다.,,JuSiWhan@C,MorningBus,,,Cut,WaitInput,200,,,,,,
PrologueA,200,Node,나레이션,창밖에 보이는 학교 담장이 점점 가까워졌다.,,JuSiWhan@C,MorningBus,,,Cut,WaitInput,201,,,,,,
PrologueA,201,Node,나레이션,동래고의 정문이 빗속에서 어렴풋이 보였다.,,JuSiWhan@C,MorningBus,,,Cut,WaitInput,202,,,,,,
PrologueA,202,Node,나레이션,그는 오늘 하루가 길어질 것임을 직감했다.,,JuSiWhan@C,MorningBus,,,Cut,WaitInput,203,,,,,,
PrologueA,203,Node,나레이션,버스는 큰 교차로를 향해 속도를 줄였다.,,JuSiWhan@C,MorningBus,,,Cut,WaitInput,204,,,,,,
PrologueA,204,Node,나레이션,신호등은 아직 초록색이었다.,,JuSiWhan@C,MorningBus,,,Cut,WaitInput,205,,,,,,
PrologueA,205,Node,나레이션,횡단보도 앞에는 우산을 쓴 사람들이 줄지어 기다렸다.,,JuSiWhan@C,MorningBus,SFX_Rain,,Cut,WaitInput,206,,,,,,
PrologueA,206,Node,나레이션,버스 내부는 잠깐 조용해졌다.,,JuSiWhan@C,MorningBus,,,Cut,WaitInput,207,,,,,,
PrologueA,207,Node,나레이션,모두가 신호를 기다리는 듯 호흡을 멈췄다.,,JuSiWhan@C,MorningBus,,,Cut,WaitInput,208,,,,,,
PrologueA,208,Node,나레이션,신호등이 노란색으로 바뀌며 경고음이 울렸다.,,JuSiWhan@C,MorningBus,SFX_Horn,,Cut,WaitInput,209,,,,,,
PrologueA,209,Node,나레이션,그 순간 우산을 쓰지 않은 남자가 갑자기 뛰어들었다.,,JuSiWhan@C,MorningBus,SFX_Rain,,Cut,WaitInput,210,,,,,,
PrologueA,210,Node,나레이션,운전기사는 급브레이크를 밟았다.,,JuSiWhan@C,MorningBus,,,Cut,WaitInput,211,,,,,,
PrologueA,211,Node,나레이션,타이어가 물보라를 일으키며 미끄러졌다.,,JuSiWhan@C,MorningBus,,,Cut,WaitInput,212,,,,,,
PrologueA,212,Node,나레이션,교차로 앞에서 버스가 급히 멈추며 우산을 든 행인을 치고 말았다.,,JuSiWhan@C,MorningBus,SFX_Rain,,ScreenShake,WaitInput,213,,,,,,
PrologueA,213,Node,나레이션,승객들의 비명이 한꺼번에 터졌다.,,JuSiWhan@C,MorningBus,SFX_Scream,,Cut,WaitInput,214,,,,,,
PrologueA,214,Node,나레이션,좌석벨트가 몸을 잡아당기며 끼익 소리를 냈다.,,JuSiWhan@C,MorningBus,,,Cut,WaitInput,215,,,,,,
PrologueA,215,Node,나레이션,아이 울음이 버스 안을 채웠다.,,JuSiWhan@C,MorningBus,SFX_Scream,,Cut,WaitInput,216,,,,,,
PrologueA,216,Node,나레이션,창문 밖으로 튄 우산이 공중을 빙글 돌았다.,,JuSiWhan@C,MorningBus,SFX_Rain,,Cut,WaitInput,217,,,,,,
PrologueA,217,Node,나레이션,도로 한가운데 차들이 경적을 울렸다.,,JuSiWhan@C,MorningBus,SFX_Horn,,ScreenShake,WaitInput,218,,,,,,
PrologueA,218,Node,나레이션,빗물과 피가 섞여 횡단보도에 넓게 번졌다.,,JuSiWhan@C,MorningBus,SFX_Rain,,Cut,WaitInput,219,,,,,,
PrologueA,219,Node,나레이션,운전기사는 창문을 두드리며 응급 신고를 했다.,,JuSiWhan@C,MorningBus,,,Cut,WaitInput,220,,,,,,
PrologueA,220,Node,나레이션,몇몇 승객은 자리에서 일어나 문 쪽으로 몰려갔다.,,JuSiWhan@C,MorningBus,,,Cut,WaitInput,221,,,,,,
PrologueA,221,Node,나레이션,주시환은 자리에서 몸을 일으켰다가 다시 앉았다.,,JuSiWhan@C,MorningBus,,,Cut,WaitInput,222,,,,,,
PrologueA,222,Node,나레이션,그의 표정에는 놀람보다 짜증이 앞섰다.,,JuSiWhan@C,MorningBus,,,Cut,WaitInput,223,,,,,,
PrologueA,223,Node,주시환,…시간이 모자라겠는데.,,JuSiWhan@C,MorningBus,,,Cut,WaitInput,224,,,,,,
PrologueA,224,Node,나레이션,그는 자신의 손목시계를 뚫어져라 바라보았다.,,JuSiWhan@C,MorningBus,SFX_Watch,,Cut,WaitInput,225,,,,,,
PrologueA,225,Node,나레이션,시곗바늘은 8시 19분을 가리켰다.,,JuSiWhan@C,MorningBus,,,Cut,WaitInput,226,,,,,,
PrologueA,226,Node,나레이션,검사소까지 이동 시간을 계산하자 차질이 생겼다.,,JuSiWhan@C,MorningBus,,,Cut,WaitInput,227,,,,,,
PrologueA,227,Node,나레이션,그는 무의식적으로 입술을 굳게 다물었다.,,JuSiWhan@C,MorningBus,,,Cut,WaitInput,228,,,,,,
PrologueA,228,Node,나레이션,버스 기사와 승객들이 외치는 소리가 귀에 들어오지 않았다.,,JuSiWhan@C,MorningBus,,,Cut,WaitInput,229,,,,,,
PrologueA,229,Node,나레이션,오직 약속 시간만이 머릿속을 점령했다.,,JuSiWhan@C,MorningBus,,,Cut,WaitInput,230,,,,,,
PrologueA,230,Node,나레이션,그는 사고 현장을 잠깐 내려다봤다.,,JuSiWhan@C,MorningBus,,,ScreenShake,WaitInput,231,,,,,,
PrologueA,231,Node,나레이션,사람이 쓰러져 움직이지 않았다.,,JuSiWhan@C,MorningBus,,,Cut,WaitInput,232,,,,,,
PrologueA,232,Node,나레이션,피가 빗물에 씻기며 옅은 핑크빛을 만들었다.,,JuSiWhan@C,MorningBus,SFX_Rain,,Cut,WaitInput,233,,,,,,
PrologueA,233,Node,나레이션,그러나 주시환은 감정이 동하지 않았다.,,JuSiWhan@C,MorningBus,,,Cut,WaitInput,234,,,,,,
PrologueA,234,Node,나레이션,그는 앉은 자리에서 손목시계를 쥐었다.,,JuSiWhan@C,MorningBus,SFX_Watch,,Cut,WaitInput,235,,,,,,
PrologueA,235,Node,나레이션,곧장 시간을 되돌릴까를 고민했다.,,JuSiWhan@C,MorningBus,SFX_Rewind,,TimeRewind,WaitInput,236,,,,,,
PrologueA,236,Node,나레이션,그의 내면에서는 귀찮음과 효율성이 맞부딪혔다.,,JuSiWhan@C,MorningBus,,,Cut,WaitInput,237,,,,,,
PrologueA,237,Node,나레이션,친구들과의 약속이 깨지면 다시 설명하기 번거로울 거라고 생각했다.,,JuSiWhan@C,MorningBus,,,Cut,WaitInput,238,,,,,,
PrologueA,238,Node,나레이션,그는 손등에 묻은 빗물을 닦았다.,,JuSiWhan@C,MorningBus,SFX_Rain,,Cut,WaitInput,239,,,,,,
PrologueA,239,Node,나레이션,그리고 마음을 정리했다.,,JuSiWhan@C,MorningBus,,,Cut,WaitInput,240,,,,,,
PrologueA,240,Node,나레이션,그 순간 머릿속에 선택지가 떠올랐다.,,JuSiWhan@C,MorningBus,,,UIRise,WaitInput,241,,,,,,
PrologueA,241,Node,시스템,시간을 되돌리겠습니까?,,JuSiWhan@C,MorningBus,SFX_Rewind,,TimeRewind,WaitInput,242,,,,,,
PrologueA,242,Node,나레이션,주시환은 손목시계를 더 꽉 쥐었다.,,JuSiWhan@C,MorningBus,SFX_Watch,,Cut,WaitInput,243,,,,,,
PrologueA,243,Node,나레이션,그는 미묘하게 숨을 들이켰다.,,JuSiWhan@C,MorningBus,,,Cut,WaitInput,244,,,,,,
PrologueA,244,Node,나레이션,주변 소리가 멀어지는 것 같았다.,,JuSiWhan@C,MorningBus,,,Cut,WaitInput,245,,,,,,
PrologueA,245,Node,나레이션,그러나 곧 주저함이 생겼다.,,JuSiWhan@C,MorningBus,,,Cut,WaitInput,246,,,,,,
PrologueA,246,Node,나레이션,그는 아직 결정을 내리지 않았다.,,JuSiWhan@C,MorningBus,,,Cut,WaitInput,247,,,,,,
PrologueA,247,Node,나레이션,선택지가 눈앞에 선명하게 두 줄로 떠올랐다.,,JuSiWhan@C,MorningBus,,,UIRise,WaitInput,248,,,,,,
PrologueA,248,Node,시스템,선택: 시간을 되돌린다 / 그냥 둔다.,,JuSiWhan@C,MorningBus,SFX_Rewind,,TimeRewind,WaitInput,249,,,,,,
PrologueA,249,Node,나레이션,그는 잠시 눈을 감고 생각했다.,,JuSiWhan@C,MorningBus,,,Cut,WaitInput,250,,,,,,
PrologueA,250,Node,나레이션,되돌리는 것이 당연하다고 생각하면서도 손이 움직이지 않았다.,,JuSiWhan@C,MorningBus,SFX_Rewind,,TimeRewind,WaitInput,251,,,,,,
PrologueA,251,Node,나레이션,그는 자신의 마음이 왜 이렇게 게으른지 의문을 가졌다.,,JuSiWhan@C,MorningBus,,,Cut,WaitInput,252,,,,,,
PrologueA,252,Node,나레이션,첫 번째 선택지가 눈앞에서 반짝였다.,,JuSiWhan@C,MorningBus,,,UIRise,WaitInput,253,,,,,,
PrologueA,253,Node,나레이션,그러나 그는 두 번째 선택지에 시선을 두었다.,,JuSiWhan@C,MorningBus,,,UIRise,WaitInput,254,,,,,,
PrologueA,254,Node,나레이션,그는 순식간에 결정을 내렸다.,,JuSiWhan@C,MorningBus,,,Cut,WaitInput,255,,,,,,
PrologueA,255,Node,시스템,선택됨: 그냥 둔다.,,JuSiWhan@C,MorningBus,SFX_UINotify,,UIRise,WaitInput,256,,,,,,
PrologueA,256,Node,나레이션,그는 시간을 되돌리지 않기로 했다.,,JuSiWhan@C,MorningBus,SFX_Rewind,,TimeRewind,WaitInput,257,,,,,,
PrologueA,257,Node,나레이션,하지만 곧 후회가 스며들었다.,,JuSiWhan@C,MorningBus,,,Cut,WaitInput,258,,,,,,
PrologueA,258,Node,나레이션,버스 문이 열리고 구조요청을 위해 사람들이 몰려나갔다.,,JuSiWhan@C,MorningBus,,,Cut,WaitInput,259,,,,,,
PrologueA,259,Node,나레이션,주시환은 차가운 공기를 들이마셨다.,,JuSiWhan@C,MorningBus,,,Cut,WaitInput,260,,,,,,
PrologueA,260,Node,나레이션,약속 시간까지 남은 분을 계산했다.,,JuSiWhan@C,MorningBus,,,Cut,WaitInput,261,,,,,,
PrologueA,261,Node,나레이션,"3분, 5분, 7분… 늘어나는 숫자가 눈앞을 가렸다.",,JuSiWhan@C,MorningBus,,,Cut,WaitInput,262,,,,,,
PrologueA,262,Node,나레이션,그는 자신의 판단이 어리석었다는 것을 인정했다.,,JuSiWhan@C,MorningBus,,,Cut,WaitInput,263,,,,,,
PrologueA,263,Node,나레이션,그리고 다시 선택지가 떠올랐다.,,JuSiWhan@C,MorningBus,,,UIRise,WaitInput,264,,,,,,
PrologueA,264,Node,시스템,이 결정을 되돌리고 싶습니까?,,JuSiWhan@C,MorningBus,SFX_Rewind,,TimeRewind,WaitInput,265,,,,,,
PrologueA,265,Node,나레이션,그는 이번엔 고민 없이 고개를 끄덕였다.,,JuSiWhan@C,MorningBus,,,Cut,WaitInput,266,,,,,,
PrologueA,266,Node,나레이션,다시 두 개의 선택이 나타났다.,,JuSiWhan@C,MorningBus,,,UIRise,WaitInput,267,,,,,,
PrologueA,267,Node,시스템,선택: 시간을 되돌린다 / 그냥 둔다.,,JuSiWhan@C,MorningBus,SFX_Rewind,,TimeRewind,WaitInput,268,,,,,,
PrologueA,268,Node,나레이션,이번엔 첫 번째 선택지가 더욱 강하게 빛났다.,,JuSiWhan@C,MorningBus,,,UIRise,WaitInput,269,,,,,,
PrologueA,269,Node,시스템,선택됨: 시간을 되돌린다.,,JuSiWhan@C,MorningBus,SFX_Rewind,,TimeRewind,WaitInput,270,,,,,,
PrologueA,270,Node,나레이션,"손목시계를 누르려던 순간, 또 다른 생각이 스쳤다.",,JuSiWhan@C,MorningBus,SFX_Watch,,Cut,WaitInput,271,,,,,,
PrologueA,271,Node,나레이션,정말로 되돌리지 않고도 상황을 수습할 수 있을까?,,JuSiWhan@C,MorningBus,SFX_Rewind,,TimeRewind,WaitInput,272,,,,,,
PrologueA,272,Node,나레이션,그는 호기심에 두 번째 선택지를 다시 눌렀다.,,JuSiWhan@C,MorningBus,,,UIRise,WaitInput,273,,,,,,
PrologueA,273,Node,시스템,선택됨: 그냥 둔다.,,JuSiWhan@C,MorningBus,SFX_UINotify,,UIRise,WaitInput,274,,,,,,
PrologueA,274,Node,나레이션,이것이 두 번째 고집이었다.,,JuSiWhan@C,MorningBus,,,Cut,WaitInput,275,,,,,,
PrologueA,275,Node,나레이션,그는 버스에서 내려 비를 맞으며 뛰기 시작했다.,,JuSiWhan@C,MorningBus,,,Cut,WaitInput,276,,,,,,
PrologueA,276,Node,나레이션,신호가 바뀌어 횡단보도를 건너기까지 시간이 오래 걸렸다.,,JuSiWhan@C,MorningBus,,,Cut,WaitInput,277,,,,,,
PrologueA,277,Node,나레이션,그는 검은 우산을 쓴 행렬을 뒤질렀다.,,JuSiWhan@C,MorningBus,SFX_Rain,,Cut,WaitInput,278,,,,,,
PrologueA,278,Node,나레이션,심장은 빠르게 뛰었지만 머리는 여전히 냉정했다.,,JuSiWhan@C,MorningBus,,,Cut,WaitInput,279,,,,,,
PrologueA,279,Node,나레이션,"검사소에 도착했을 때, 건물은 이미 폐허가 되어 있었다.",,JuSiWhan@C,MorningBus,,,Cut,WaitInput,280,,,,,,
PrologueA,280,Node,나레이션,연기와 먼지가 하늘로 피어오르고 있었다.,,JuSiWhan@C,MorningBus,,,Cut,WaitInput,281,,,,,,
PrologueA,281,Node,나레이션,구급차와 소방차가 사이렌을 울리며 포위했다.,,JuSiWhan@C,MorningBus,,,Cut,WaitInput,282,,,,,,
PrologueA,282,Node,나레이션,주시환은 입술을 떨며 친구들의 이름을 불렀다.,,JuSiWhan@C,MorningBus,,,Cut,WaitInput,283,,,,,,
PrologueA,283,Node,주시환,희주! 태균!,,JuSiWhan@C,MorningBus,,,Cut,WaitInput,284,,,,,,
PrologueA,284,Node,나레이션,대답은 돌아오지 않았다.,,JuSiWhan@C,MorningBus,,,Cut,WaitInput,285,,,,,,
PrologueA,285,Node,나레이션,그는 무너진 로비 한가운데로 달려 들어갔다.,,JuSiWhan@C,MorningBus,,,ScreenShake,WaitInput,286,,,,,,
PrologueA,286,Node,나레이션,부서진 유리와 콘크리트 조각이 발밑에서 바스러졌다.,,JuSiWhan@C,MorningBus,,,ScreenShake,WaitInput,287,,,,,,
PrologueA,287,Node,나레이션,그는 눈앞에 널브러진 손목시계를 발견했다.,,JuSiWhan@C,MorningBus,SFX_Watch,,Cut,WaitInput,288,,,,,,
PrologueA,288,Node,나레이션,친구1이 선물한 것이었다.,,JuSiWhan@C,MorningBus,,,Cut,WaitInput,289,,,,,,
PrologueA,289,Node,나레이션,옆에는 친구2의 가방이 찢겨진 채 놓여 있었다.,,JuSiWhan@C,MorningBus,,,Cut,WaitInput,290,,,,,,
PrologueA,290,Node,나레이션,그는 온몸이 얼어붙었다.,,JuSiWhan@C,MorningBus,,,Cut,WaitInput,291,,,,,,
PrologueA,291,Node,나레이션,폭발 흔적 사이로 보이는 시신들을 외면할 수 없었다.,,JuSiWhan@C,MorningBus,,,Cut,WaitInput,292,,,,,,
PrologueA,292,Node,나레이션,그는 비명을 삼키며 무릎을 꿇었다.,,JuSiWhan@C,MorningBus,SFX_Scream,,Cut,WaitInput,293,,,,,,
PrologueA,293,Node,나레이션,비와 재가 섞여 그의 얼굴을 타고 흘렀다.,,JuSiWhan@C,MorningBus,,,Cut,WaitInput,294,,,,,,
PrologueA,294,Node,나레이션,그 순간 그의 머릿속에 뜨거운 열이 치솟았다.,,JuSiWhan@C,MorningBus,,,Cut,WaitInput,295,,,,,,
PrologueA,295,Node,나레이션,그는 손목시계를 움켜쥐고 절규했다.,,JuSiWhan@C,MorningBus,SFX_Watch,,Cut,WaitInput,296,,,,,,
PrologueA,296,Node,주시환,돌아가… 돌아가야 해!,,JuSiWhan@C,MorningBus,,,Cut,WaitInput,297,,,,,,
PrologueA,297,Node,나레이션,시간은 그의 손끝에서 무거운 뚜껑처럼 움직였다.,,JuSiWhan@C,MorningBus,,,Cut,WaitInput,298,,,,,,
PrologueA,298,Node,나레이션,그리고 마침내 손목시계의 초침이 역방향으로 움직였다.,,JuSiWhan@C,MorningBus,SFX_Watch,,Cut,WaitInput,299,,,,,,
PrologueA,299,Node,나레이션,주변 소음이 낮은 윙윙거림으로 변했다.,,JuSiWhan@C,MorningBus,,,Cut,WaitInput,300,,,,,,
PrologueA,300,Node,나레이션,빛과 그림자가 서로 뒤바뀌었다.,,JuSiWhan@C,MorningBus,,,Cut,WaitInput,301,,,,,,
PrologueA,301,Node,나레이션,폭발의 파편이 공중으로 되돌아가 건물을 다시 채웠다.,,JuSiWhan@C,MorningBus,SFX_Rewind,,TimeRewind,WaitInput,302,,,,,,
PrologueA,302,Node,나레이션,그는 무너지는 기억을 거슬러 올라갔다.,,JuSiWhan@C,MorningBus,,,ScreenShake,WaitInput,303,,,,,,
PrologueA,303,Node,나레이션,검은 연기가 흐릿한 안개가 되어 뒤로 빨려들어갔다.,,JuSiWhan@C,MorningBus,,,Cut,WaitInput,304,,,,,,
PrologueA,304,Node,나레이션,그의 심장은 차갑게 식어갔다.,,JuSiWhan@C,MorningBus,,,Cut,WaitInput,305,,,,,,
PrologueA,305,Node,나레이션,이제 모든 것이 되감기고 있었다.,,JuSiWhan@C,MorningBus,,,Cut,WaitInput,306,,,,,,
PrologueA,306,Node,나레이션,교차로 앞에서 버스가 급히 멈추며 우산을 든 행인을 치고 말았다.,,JuSiWhan@C,MorningBus,SFX_Rain,,ScreenShake,WaitInput,307,,,,,,
PrologueA,307,Node,나레이션,다음 정류장에서 승객들이 차례차례 올라타며 버스 안에 낮은 대화가 퍼졌다.,,JuSiWhan@C,MorningBus,,,Cut,WaitInput,308,,,,,,
PrologueA,308,Node,나레이션,버스가 정류장에 멈추자 주시환이 우산을 접고 올라탔다.,,JuSiWhan@C,MorningBus,SFX_Rain,,Cut,WaitInput,309,,,,,,
PrologueA,309,Node,나레이션,시간은 완벽하게 거꾸로 흘렀다.,,JuSiWhan@C,MorningBus,,,Cut,WaitInput,310,,,,,,
PrologueA,310,Node,나레이션,되감기가 끝나자 버스 안 공기는 다시 비 냄새로 가득했다.,,JuSiWhan@C,MorningBus,,,Cut,WaitInput,311,,,,,,
PrologueA,311,Node,나레이션,그는 방금 전 장면이 꿈처럼 멀어지는 것을 느꼈다.,,JuSiWhan@C,MorningBus,,,Cut,WaitInput,312,,,,,,
PrologueA,312,Node,나레이션,이번에는 사고가 일어나기 전에 움직이기로 결심했다.,,JuSiWhan@C,MorningBus,,,ScreenShake,WaitInput,313,,,,,,
PrologueA,313,Node,나레이션,버스가 이전 정류장에 도착하자 그는 급히 벨을 눌렀다.,,JuSiWhan@C,MorningBus,,,Cut,WaitInput,314,,,,,,
PrologueA,314,Node,나레이션,도어가 열리고 차가운 공기가 밀려왔다.,,JuSiWhan@C,MorningBus,,,Cut,WaitInput,315,,,,,,
PrologueA,315,Node,나레이션,그는 미끄러운 계단을 조심스럽게 내려섰다.,,JuSiWhan@C,MorningBus,,,Cut,WaitInput,316,,,,,,
PrologueA,316,Node,나레이션,발밑에서 물웅덩이가 퍽 소리를 냈다.,,JuSiWhan@C,MorningBus,,,Cut,WaitInput,317,,,,,,
PrologueA,317,Node,나레이션,버스 문이 닫히며 다시 움직이기 시작했다.,,JuSiWhan@C,MorningBus,,,Cut,WaitInput,318,,,,,,
PrologueA,318,Node,나레이션,그는 우산을 펴고 천천히 걸었다.,,JuSiWhan@C,MorningBus,SFX_Rain,,Cut,WaitInput,319,,,,,,
PrologueA,319,Node,나레이션,몇 걸음 뒤에서 경적 소리가 폭발하듯 터졌다.,,JuSiWhan@C,MorningBus,SFX_Horn,,ScreenShake,WaitInput,320,,,,,,
PrologueA,320,Node,나레이션,그는 몸을 돌리지 않았다.,,JuSiWhan@C,MorningBus,,,Cut,WaitInput,321,,,,,,
PrologueA,321,Node,나레이션,멀어지는 버스 뒤편에서 또다시 비명소리가 들렸다.,,JuSiWhan@C,MorningBus,SFX_Scream,,Cut,WaitInput,322,,,,,,
PrologueA,322,Node,나레이션,그는 단단히 다문 입술로 숨을 내쉬었다.,,JuSiWhan@C,MorningBus,,,Cut,WaitInput,323,,,,,,
PrologueA,323,Node,나레이션,손목시계의 초침이 평온하게 앞으로 나아가기 시작했다.,,JuSiWhan@C,MorningBus,SFX_Watch,,Cut,WaitInput,324,,,,,,
PrologueA,324,Node,나레이션,그는 스스로에게 속삭였다.,,JuSiWhan@C,MorningBus,,,Cut,WaitInput,325,,,,,,
PrologueA,325,Node,주시환,페널티 동안 내가 죽으면 아무 의미도 없지.,,JuSiWhan@C,MorningBus,,,Cut,WaitInput,326,,,,,,
PrologueA,326,Node,나레이션,그 말은 변명처럼 들렸다.,,JuSiWhan@C,MorningBus,,,Cut,WaitInput,327,,,,,,
PrologueA,327,Node,나레이션,그는 자신이 얼마나 이기적인지 잘 알고 있었다.,,JuSiWhan@C,MorningBus,,,Cut,WaitInput,328,,,,,,
PrologueA,328,Node,나레이션,그러나 그것이 생존을 위한 합리라고 믿었다.,,JuSiWhan@C,MorningBus,,,Cut,WaitInput,329,,,,,,
PrologueA,329,Node,나레이션,그는 다시는 같은 실수를 반복하지 않겠다고 다짐했다.,,JuSiWhan@C,MorningBus,,,Cut,WaitInput,330,,,,,,
PrologueA,330,Node,나레이션,뒤에서 울려 퍼지는 혼란은 그의 발걸음을 빠르게 했다.,,JuSiWhan@C,MorningBus,,,Cut,WaitInput,331,,,,,,
PrologueA,331,Node,나레이션,골목으로 접어들자 빗소리가 건물 벽에 부딪혀 낮아졌다.,,JuSiWhan@C,MorningBus,,,Cut,WaitInput,332,,,,,,
PrologueA,332,Node,나레이션,그는 우산 끝에서 떨어지는 물방울을 바라보았다.,,JuSiWhan@C,MorningBus,SFX_Rain,,Cut,WaitInput,333,,,,,,
PrologueA,333,Node,나레이션,마음속에는 냉정한 계산만이 남아 있었다.,,JuSiWhan@C,MorningBus,,,Cut,WaitInput,334,,,,,,
PrologueA,334,Node,나레이션,그는 검사소에 더 빨리 도착할 수 있는 지름길을 떠올렸다.,,JuSiWhan@C,MorningBus,,,Cut,WaitInput,335,,,,,,
PrologueA,335,Node,나레이션,그리고 무표정한 얼굴로 걷기 시작했다.,,JuSiWhan@C,MorningBus,,,Cut,WaitInput,336,,,,,,
PrologueA,336,Node,나레이션,그의 발걸음이 빗속에서 규칙적으로 울렸다.,,JuSiWhan@C,MorningBus,,,Cut,WaitInput,337,,,,,,
PrologueA,337,Node,나레이션,프롤로그가 이렇게 마무리되었다.,,JuSiWhan@C(out=fade),MorningBus,,,Cut,WaitInput,,,,,,,
Future.Secret.Reveal,1000,Node,나레이션,미래 루프에서 얻은 비밀을 기록한다.,,,,,,,WaitInput,-1,,,,,,FUTURE_SECRET|미래의 비밀|미래 루프에서만 확인할 수 있는 정보. 이 키를 통해 새로운 분기가 열립니다.
Ally.Password.Found,1001,Node,나레이션,동료가 남긴 암호를 해독했다.,,,,,,,WaitInput,-1,,,,,,ALLY_PASSWORD|동료의 암호|동료가 미래에서 남긴 암호. 과거로 돌아갔을 때 협력 루트를 여는 데 사용됩니다.
